PRAGMA foreign_keys=ON;
BEGIN TRANSACTION;
CREATE TABLE "django_migrations" ("id" integer NOT NULL PRIMARY KEY AUTOINCREMENT, "app" varchar(255) NOT NULL, "name" varchar(255) NOT NULL, "applied" datetime NOT NULL);
INSERT INTO "django_migrations" VALUES(1,'contenttypes','0001_initial','2015-05-26 11:20:39.864736');
INSERT INTO "django_migrations" VALUES(2,'auth','0001_initial','2015-05-26 11:20:39.913238');
INSERT INTO "django_migrations" VALUES(3,'admin','0001_initial','2015-05-26 11:20:39.989241');
INSERT INTO "django_migrations" VALUES(4,'contenttypes','0002_remove_content_type_name','2015-05-26 11:20:40.095109');
INSERT INTO "django_migrations" VALUES(5,'auth','0002_alter_permission_name_max_length','2015-05-26 11:20:40.152690');
INSERT INTO "django_migrations" VALUES(6,'auth','0003_alter_user_email_max_length','2015-05-26 11:20:40.199715');
INSERT INTO "django_migrations" VALUES(7,'auth','0004_alter_user_username_opts','2015-05-26 11:20:40.246041');
INSERT INTO "django_migrations" VALUES(8,'auth','0005_alter_user_last_login_null','2015-05-26 11:20:40.299416');
INSERT INTO "django_migrations" VALUES(9,'auth','0006_require_contenttypes_0002','2015-05-26 11:20:40.327606');
INSERT INTO "django_migrations" VALUES(10,'sessions','0001_initial','2015-05-26 11:20:40.392596');
INSERT INTO "django_migrations" VALUES(11,'inventory','0001_initial','2015-05-26 12:37:05.813568');
INSERT INTO "django_migrations" VALUES(12,'inventory','0002_auto_20150527_1014','2015-05-27 10:14:41.562929');
INSERT INTO "django_migrations" VALUES(13,'docs','0001_initial','2015-05-27 10:20:31.471397');
INSERT INTO "django_migrations" VALUES(14,'docs','0002_auto_20150528_0807','2015-05-28 08:19:04.547742');
INSERT INTO "django_migrations" VALUES(15,'docs','0003_remove_document_department','2015-05-28 10:27:36.425851');
INSERT INTO "django_migrations" VALUES(16,'docs','0004_auto_20150528_2059','2015-05-28 20:59:21.488186');
CREATE TABLE "auth_group" ("id" integer NOT NULL PRIMARY KEY AUTOINCREMENT, "name" varchar(80) NOT NULL UNIQUE);
INSERT INTO "auth_group" VALUES(1,'dev');
INSERT INTO "auth_group" VALUES(2,'qa');
INSERT INTO "auth_group" VALUES(3,'ba');
INSERT INTO "auth_group" VALUES(4,'acc');
INSERT INTO "auth_group" VALUES(5,'sys');
INSERT INTO "auth_group" VALUES(6,'mgmt');
CREATE TABLE "auth_group_permissions" ("id" integer NOT NULL PRIMARY KEY AUTOINCREMENT, "group_id" integer NOT NULL REFERENCES "auth_group" ("id"), "permission_id" integer NOT NULL REFERENCES "auth_permission" ("id"), UNIQUE ("group_id", "permission_id"));
INSERT INTO "auth_group_permissions" VALUES(4,2,37);
INSERT INTO "auth_group_permissions" VALUES(5,3,37);
INSERT INTO "auth_group_permissions" VALUES(7,1,13);
INSERT INTO "auth_group_permissions" VALUES(8,1,37);
INSERT INTO "auth_group_permissions" VALUES(9,1,38);
INSERT INTO "auth_group_permissions" VALUES(10,4,37);
INSERT INTO "auth_group_permissions" VALUES(11,5,1);
INSERT INTO "auth_group_permissions" VALUES(12,5,2);
INSERT INTO "auth_group_permissions" VALUES(13,5,3);
INSERT INTO "auth_group_permissions" VALUES(14,5,4);
INSERT INTO "auth_group_permissions" VALUES(15,5,5);
INSERT INTO "auth_group_permissions" VALUES(16,5,6);
INSERT INTO "auth_group_permissions" VALUES(17,5,7);
INSERT INTO "auth_group_permissions" VALUES(18,5,8);
INSERT INTO "auth_group_permissions" VALUES(19,5,9);
INSERT INTO "auth_group_permissions" VALUES(20,5,10);
INSERT INTO "auth_group_permissions" VALUES(21,5,11);
INSERT INTO "auth_group_permissions" VALUES(22,5,12);
INSERT INTO "auth_group_permissions" VALUES(23,5,37);
INSERT INTO "auth_group_permissions" VALUES(24,5,38);
INSERT INTO "auth_group_permissions" VALUES(25,5,39);
INSERT INTO "auth_group_permissions" VALUES(26,6,1);
INSERT INTO "auth_group_permissions" VALUES(27,6,2);
INSERT INTO "auth_group_permissions" VALUES(28,6,37);
INSERT INTO "auth_group_permissions" VALUES(29,6,38);
INSERT INTO "auth_group_permissions" VALUES(30,6,7);
INSERT INTO "auth_group_permissions" VALUES(31,6,8);
INSERT INTO "auth_group_permissions" VALUES(32,6,39);
INSERT INTO "auth_group_permissions" VALUES(33,6,10);
INSERT INTO "auth_group_permissions" VALUES(34,6,11);
CREATE TABLE "auth_user_groups" ("id" integer NOT NULL PRIMARY KEY AUTOINCREMENT, "user_id" integer NOT NULL REFERENCES "auth_user" ("id"), "group_id" integer NOT NULL REFERENCES "auth_group" ("id"), UNIQUE ("user_id", "group_id"));
INSERT INTO "auth_user_groups" VALUES(8,7,4);
INSERT INTO "auth_user_groups" VALUES(9,6,4);
INSERT INTO "auth_user_groups" VALUES(10,2,1);
INSERT INTO "auth_user_groups" VALUES(13,1,5);
INSERT INTO "auth_user_groups" VALUES(14,3,2);
INSERT INTO "auth_user_groups" VALUES(18,10,4);
INSERT INTO "auth_user_groups" VALUES(19,11,2);
INSERT INTO "auth_user_groups" VALUES(20,4,1);
INSERT INTO "auth_user_groups" VALUES(21,5,3);
INSERT INTO "auth_user_groups" VALUES(22,9,6);
INSERT INTO "auth_user_groups" VALUES(23,8,6);
CREATE TABLE "auth_user_user_permissions" ("id" integer NOT NULL PRIMARY KEY AUTOINCREMENT, "user_id" integer NOT NULL REFERENCES "auth_user" ("id"), "permission_id" integer NOT NULL REFERENCES "auth_permission" ("id"), UNIQUE ("user_id", "permission_id"));
INSERT INTO "auth_user_user_permissions" VALUES(3,7,37);
INSERT INTO "auth_user_user_permissions" VALUES(4,7,38);
INSERT INTO "auth_user_user_permissions" VALUES(5,6,37);
INSERT INTO "auth_user_user_permissions" VALUES(6,6,38);
INSERT INTO "auth_user_user_permissions" VALUES(7,6,39);
INSERT INTO "auth_user_user_permissions" VALUES(8,2,37);
INSERT INTO "auth_user_user_permissions" VALUES(9,2,38);
INSERT INTO "auth_user_user_permissions" VALUES(10,2,39);
INSERT INTO "auth_user_user_permissions" VALUES(17,3,37);
INSERT INTO "auth_user_user_permissions" VALUES(18,3,38);
INSERT INTO "auth_user_user_permissions" VALUES(19,3,39);
INSERT INTO "auth_user_user_permissions" VALUES(20,4,37);
INSERT INTO "auth_user_user_permissions" VALUES(21,4,38);
INSERT INTO "auth_user_user_permissions" VALUES(22,4,39);
INSERT INTO "auth_user_user_permissions" VALUES(23,5,37);
INSERT INTO "auth_user_user_permissions" VALUES(24,5,38);
INSERT INTO "auth_user_user_permissions" VALUES(25,5,39);
CREATE TABLE "django_admin_log" ("id" integer NOT NULL PRIMARY KEY AUTOINCREMENT, "action_time" datetime NOT NULL, "object_id" text NULL, "object_repr" varchar(200) NOT NULL, "action_flag" smallint unsigned NOT NULL, "change_message" text NOT NULL, "content_type_id" integer NULL REFERENCES "django_content_type" ("id"), "user_id" integer NOT NULL REFERENCES "auth_user" ("id"));
INSERT INTO "django_admin_log" VALUES(1,'2015-05-26 12:47:12.444427','1','Vendor object',1,'',7,1);
INSERT INTO "django_admin_log" VALUES(2,'2015-05-26 12:47:42.388321','2','Vendor object',1,'',7,1);
INSERT INTO "django_admin_log" VALUES(3,'2015-05-26 12:48:15.314047','3','Vendor object',1,'',7,1);
INSERT INTO "django_admin_log" VALUES(4,'2015-05-26 13:03:00.551279','3','Cisco Ltd. -- noreply@cisco.com',3,'',7,1);
INSERT INTO "django_admin_log" VALUES(5,'2015-05-26 13:03:00.579751','2','Oracle -- support@oracle.com',3,'',7,1);
INSERT INTO "django_admin_log" VALUES(6,'2015-05-26 13:03:00.593343','1','Microsoft Inc. -- ms_support@outlook.com',3,'',7,1);
INSERT INTO "django_admin_log" VALUES(7,'2015-05-26 13:11:53.015677','4','Microsoft Inc. info@outlook.com',1,'',7,1);
INSERT INTO "django_admin_log" VALUES(8,'2015-05-26 13:21:57.016016','1','EULA',1,'',8,1);
INSERT INTO "django_admin_log" VALUES(9,'2015-05-26 13:26:52.534920','1','WS-01',1,'',9,1);
INSERT INTO "django_admin_log" VALUES(10,'2015-05-27 10:32:03.415404','1','developers',1,'',3,1);
INSERT INTO "django_admin_log" VALUES(11,'2015-05-27 10:32:48.131320','1','Document object',1,'',13,1);
INSERT INTO "django_admin_log" VALUES(12,'2015-05-27 12:26:07.854982','1','Document object',3,'',13,1);
INSERT INTO "django_admin_log" VALUES(13,'2015-05-27 12:32:36.080162','2','Document object',3,'',13,1);
INSERT INTO "django_admin_log" VALUES(14,'2015-05-27 14:20:06.853391','3','Document object',3,'',13,1);
INSERT INTO "django_admin_log" VALUES(15,'2015-05-27 14:20:23.613498','5','Document object',3,'',13,1);
INSERT INTO "django_admin_log" VALUES(16,'2015-05-27 14:20:27.599202','4','Document object',3,'',13,1);
INSERT INTO "django_admin_log" VALUES(17,'2015-05-27 14:21:09.725918','6','Document object',1,'',13,1);
INSERT INTO "django_admin_log" VALUES(18,'2015-05-27 14:22:14.186064','6','Document object',3,'',13,1);
INSERT INTO "django_admin_log" VALUES(19,'2015-05-28 08:19:54.702093','7','Document object',3,'',13,1);
INSERT INTO "django_admin_log" VALUES(20,'2015-05-28 08:20:04.921533','13','Document object',3,'',13,1);
INSERT INTO "django_admin_log" VALUES(21,'2015-05-28 08:20:04.938413','12','Document object',3,'',13,1);
INSERT INTO "django_admin_log" VALUES(22,'2015-05-28 08:20:04.952280','11','Document object',3,'',13,1);
INSERT INTO "django_admin_log" VALUES(23,'2015-05-28 08:20:04.971196','10','Document object',3,'',13,1);
INSERT INTO "django_admin_log" VALUES(24,'2015-05-28 08:20:04.997028','9','Document object',3,'',13,1);
INSERT INTO "django_admin_log" VALUES(25,'2015-05-28 08:20:05.023129','8','Document object',3,'',13,1);
INSERT INTO "django_admin_log" VALUES(26,'2015-05-28 08:57:59.816865','2','qa',1,'',3,1);
INSERT INTO "django_admin_log" VALUES(27,'2015-05-28 10:39:47.272964','2','anedelcheva',1,'',4,1);
INSERT INTO "django_admin_log" VALUES(28,'2015-05-28 10:40:31.762734','2','anedelcheva',2,'Changed first_name, last_name, email, is_staff, is_superuser, groups, user_permissions and last_login.',4,1);
INSERT INTO "django_admin_log" VALUES(29,'2015-05-28 12:09:47.743479','15','Document object',3,'',13,2);
INSERT INTO "django_admin_log" VALUES(30,'2015-05-28 12:09:47.764820','14','Document object',3,'',13,2);
INSERT INTO "django_admin_log" VALUES(31,'2015-05-28 13:26:06.766193','3','ba',1,'',3,1);
INSERT INTO "django_admin_log" VALUES(32,'2015-05-28 13:26:22.686187','4','accountant',1,'',3,1);
INSERT INTO "django_admin_log" VALUES(33,'2015-05-28 13:26:43.911814','3','vassi95',1,'',4,1);
INSERT INTO "django_admin_log" VALUES(34,'2015-05-28 13:27:12.383656','3','vassi95',2,'Changed first_name, email, is_staff, groups and last_login.',4,1);
INSERT INTO "django_admin_log" VALUES(35,'2015-05-28 13:27:26.417798','4','mim',1,'',4,1);
INSERT INTO "django_admin_log" VALUES(36,'2015-05-28 13:27:46.113236','4','mim',2,'Changed first_name, email and groups.',4,1);
INSERT INTO "django_admin_log" VALUES(37,'2015-05-28 13:27:56.917785','5','nikola',1,'',4,1);
INSERT INTO "django_admin_log" VALUES(38,'2015-05-28 13:28:14.223001','5','nikola',2,'Changed first_name, email, is_staff and groups.',4,1);
INSERT INTO "django_admin_log" VALUES(39,'2015-05-28 14:18:22.351886','1','sevgo',2,'Changed groups.',4,1);
INSERT INTO "django_admin_log" VALUES(40,'2015-05-28 16:54:45.054713','3','vassi95',2,'Changed groups.',4,2);
INSERT INTO "django_admin_log" VALUES(41,'2015-05-28 20:37:29.048927','25','fffffffftttttttttttttt',3,'',13,1);
INSERT INTO "django_admin_log" VALUES(42,'2015-05-28 20:37:29.081258','24','1242523',3,'',13,1);
INSERT INTO "django_admin_log" VALUES(43,'2015-05-28 20:37:29.101279','23','wewegrweg',3,'',13,1);
INSERT INTO "django_admin_log" VALUES(44,'2015-05-28 20:37:29.115090','22','sgssg23r2etr2',3,'',13,1);
INSERT INTO "django_admin_log" VALUES(45,'2015-05-28 20:37:29.128281','21','template',3,'',13,1);
INSERT INTO "django_admin_log" VALUES(46,'2015-05-28 20:37:29.143569','20','Name_F',3,'',13,1);
INSERT INTO "django_admin_log" VALUES(47,'2015-05-28 20:37:29.157167','19','TestFile',3,'',13,1);
INSERT INTO "django_admin_log" VALUES(48,'2015-05-28 20:37:29.170476','18','BG',3,'',13,1);
INSERT INTO "django_admin_log" VALUES(49,'2015-05-28 20:37:29.189525','17','afawfaw',3,'',13,1);
INSERT INTO "django_admin_log" VALUES(50,'2015-05-28 20:37:29.209378','16','gggghlhlyl456375845uet',3,'',13,1);
INSERT INTO "django_admin_log" VALUES(51,'2015-05-28 21:05:04.592454','1','dev',2,'Changed name.',3,1);
INSERT INTO "django_admin_log" VALUES(52,'2015-05-28 21:05:14.630315','4','acc',2,'Changed name.',3,1);
INSERT INTO "django_admin_log" VALUES(53,'2015-05-28 21:05:58.329969','6','tany',1,'',4,1);
INSERT INTO "django_admin_log" VALUES(54,'2015-05-28 21:07:11.581549','6','tany',2,'Changed first_name, last_name, email, is_staff, groups, last_login and date_joined.',4,1);
INSERT INTO "django_admin_log" VALUES(55,'2015-05-28 21:07:41.890889','7','eves',1,'',4,1);
INSERT INTO "django_admin_log" VALUES(56,'2015-05-28 21:08:24.878408','7','eves',2,'Changed first_name, last_name, email, is_staff, groups and user_permissions.',4,1);
INSERT INTO "django_admin_log" VALUES(57,'2015-05-28 21:08:52.048900','6','tany',2,'Changed user_permissions.',4,1);
INSERT INTO "django_admin_log" VALUES(58,'2015-05-28 21:10:19.594747','2','anedelcheva',2,'Changed is_superuser and user_permissions.',4,1);
INSERT INTO "django_admin_log" VALUES(59,'2015-05-28 21:10:51.831931','4','mim',2,'Changed is_staff and user_permissions.',4,1);
INSERT INTO "django_admin_log" VALUES(60,'2015-05-28 21:11:31.264983','5','nikola',2,'Changed groups and user_permissions.',4,1);
INSERT INTO "django_admin_log" VALUES(61,'2015-05-28 21:12:21.957688','5','sys',1,'',3,1);
INSERT INTO "django_admin_log" VALUES(62,'2015-05-28 21:13:04.524388','1','sevgo',2,'Changed first_name, last_name, email and groups.',4,1);
INSERT INTO "django_admin_log" VALUES(63,'2015-05-28 21:13:36.173174','3','vassi95',2,'Changed user_permissions.',4,1);
INSERT INTO "django_admin_log" VALUES(64,'2015-05-28 21:14:08.692558','8','radorado',1,'',4,1);
INSERT INTO "django_admin_log" VALUES(65,'2015-05-28 21:14:37.523943','6','mgmt',1,'',3,1);
INSERT INTO "django_admin_log" VALUES(66,'2015-05-28 21:14:45.490223','8','radorado',2,'Changed groups.',4,1);
INSERT INTO "django_admin_log" VALUES(67,'2015-05-28 21:15:32.437739','9','pandaboy',1,'',4,1);
INSERT INTO "django_admin_log" VALUES(68,'2015-05-28 21:16:14.208998','9','pandaboy',2,'Changed first_name, last_name, email, is_staff and groups.',4,1);
INSERT INTO "django_admin_log" VALUES(69,'2015-05-28 21:16:33.943319','8','radorado',2,'Changed first_name, last_name, email and is_staff.',4,1);
INSERT INTO "django_admin_log" VALUES(70,'2015-05-28 21:17:47.176933','2','DB_Model-Task-v83',3,'',13,1);
INSERT INTO "django_admin_log" VALUES(71,'2015-05-28 21:17:47.189893','1','DB_Model-Users-v83',3,'',13,1);
INSERT INTO "django_admin_log" VALUES(72,'2015-05-28 21:21:01.886957','10','goroy',1,'',4,1);
INSERT INTO "django_admin_log" VALUES(73,'2015-05-28 21:21:42.268755','10','goroy',2,'Changed first_name, last_name, email, is_staff and groups.',4,1);
INSERT INTO "django_admin_log" VALUES(74,'2015-05-28 21:22:23.500076','11','preslav',1,'',4,1);
INSERT INTO "django_admin_log" VALUES(75,'2015-05-28 21:22:46.097717','11','preslav',2,'Changed first_name, last_name, email, is_staff and groups.',4,1);
INSERT INTO "django_admin_log" VALUES(76,'2015-05-28 21:23:07.794148','4','mim',2,'Changed first_name and last_name.',4,1);
INSERT INTO "django_admin_log" VALUES(77,'2015-05-28 21:23:25.933043','5','nikola',2,'Changed first_name and last_name.',4,1);
INSERT INTO "django_admin_log" VALUES(78,'2015-05-28 21:55:27.442203','9','pandaboy',2,'Changed last_login.',4,1);
INSERT INTO "django_admin_log" VALUES(79,'2015-05-28 21:55:34.115611','8','radorado',2,'Changed last_login.',4,1);
CREATE TABLE "django_content_type" ("id" integer NOT NULL PRIMARY KEY AUTOINCREMENT, "app_label" varchar(100) NOT NULL, "model" varchar(100) NOT NULL, UNIQUE ("app_label", "model"));
INSERT INTO "django_content_type" VALUES(1,'admin','logentry');
INSERT INTO "django_content_type" VALUES(2,'auth','permission');
INSERT INTO "django_content_type" VALUES(3,'auth','group');
INSERT INTO "django_content_type" VALUES(4,'auth','user');
INSERT INTO "django_content_type" VALUES(5,'contenttypes','contenttype');
INSERT INTO "django_content_type" VALUES(6,'sessions','session');
INSERT INTO "django_content_type" VALUES(7,'inventory','vendor');
INSERT INTO "django_content_type" VALUES(8,'inventory','license');
INSERT INTO "django_content_type" VALUES(9,'inventory','computer');
INSERT INTO "django_content_type" VALUES(10,'inventory','software');
INSERT INTO "django_content_type" VALUES(11,'inventory','role');
INSERT INTO "django_content_type" VALUES(12,'inventory','employee');
INSERT INTO "django_content_type" VALUES(13,'docs','document');
CREATE TABLE "auth_permission" ("id" integer NOT NULL PRIMARY KEY AUTOINCREMENT, "content_type_id" integer NOT NULL REFERENCES "django_content_type" ("id"), "codename" varchar(100) NOT NULL, "name" varchar(255) NOT NULL, UNIQUE ("content_type_id", "codename"));
INSERT INTO "auth_permission" VALUES(1,1,'add_logentry','Can add log entry');
INSERT INTO "auth_permission" VALUES(2,1,'change_logentry','Can change log entry');
INSERT INTO "auth_permission" VALUES(3,1,'delete_logentry','Can delete log entry');
INSERT INTO "auth_permission" VALUES(4,2,'add_permission','Can add permission');
INSERT INTO "auth_permission" VALUES(5,2,'change_permission','Can change permission');
INSERT INTO "auth_permission" VALUES(6,2,'delete_permission','Can delete permission');
INSERT INTO "auth_permission" VALUES(7,3,'add_group','Can add group');
INSERT INTO "auth_permission" VALUES(8,3,'change_group','Can change group');
INSERT INTO "auth_permission" VALUES(9,3,'delete_group','Can delete group');
INSERT INTO "auth_permission" VALUES(10,4,'add_user','Can add user');
INSERT INTO "auth_permission" VALUES(11,4,'change_user','Can change user');
INSERT INTO "auth_permission" VALUES(12,4,'delete_user','Can delete user');
INSERT INTO "auth_permission" VALUES(13,5,'add_contenttype','Can add content type');
INSERT INTO "auth_permission" VALUES(14,5,'change_contenttype','Can change content type');
INSERT INTO "auth_permission" VALUES(15,5,'delete_contenttype','Can delete content type');
INSERT INTO "auth_permission" VALUES(16,6,'add_session','Can add session');
INSERT INTO "auth_permission" VALUES(17,6,'change_session','Can change session');
INSERT INTO "auth_permission" VALUES(18,6,'delete_session','Can delete session');
INSERT INTO "auth_permission" VALUES(19,7,'add_vendor','Can add vendor');
INSERT INTO "auth_permission" VALUES(20,7,'change_vendor','Can change vendor');
INSERT INTO "auth_permission" VALUES(21,7,'delete_vendor','Can delete vendor');
INSERT INTO "auth_permission" VALUES(22,8,'add_license','Can add license');
INSERT INTO "auth_permission" VALUES(23,8,'change_license','Can change license');
INSERT INTO "auth_permission" VALUES(24,8,'delete_license','Can delete license');
INSERT INTO "auth_permission" VALUES(25,9,'add_computer','Can add computer');
INSERT INTO "auth_permission" VALUES(26,9,'change_computer','Can change computer');
INSERT INTO "auth_permission" VALUES(27,9,'delete_computer','Can delete computer');
INSERT INTO "auth_permission" VALUES(28,10,'add_software','Can add software');
INSERT INTO "auth_permission" VALUES(29,10,'change_software','Can change software');
INSERT INTO "auth_permission" VALUES(30,10,'delete_software','Can delete software');
INSERT INTO "auth_permission" VALUES(31,11,'add_role','Can add role');
INSERT INTO "auth_permission" VALUES(32,11,'change_role','Can change role');
INSERT INTO "auth_permission" VALUES(33,11,'delete_role','Can delete role');
INSERT INTO "auth_permission" VALUES(34,12,'add_employee','Can add employee');
INSERT INTO "auth_permission" VALUES(35,12,'change_employee','Can change employee');
INSERT INTO "auth_permission" VALUES(36,12,'delete_employee','Can delete employee');
INSERT INTO "auth_permission" VALUES(37,13,'add_document','Can add document');
INSERT INTO "auth_permission" VALUES(38,13,'change_document','Can change document');
INSERT INTO "auth_permission" VALUES(39,13,'delete_document','Can delete document');
CREATE TABLE "auth_user" ("id" integer NOT NULL PRIMARY KEY AUTOINCREMENT, "password" varchar(128) NOT NULL, "is_superuser" bool NOT NULL, "username" varchar(30) NOT NULL UNIQUE, "first_name" varchar(30) NOT NULL, "last_name" varchar(30) NOT NULL, "email" varchar(254) NOT NULL, "is_staff" bool NOT NULL, "is_active" bool NOT NULL, "date_joined" datetime NOT NULL, "last_login" datetime NULL);
INSERT INTO "auth_user" VALUES(1,'pbkdf2_sha256$20000$HnzKRSTdMvaV$4s8h63b3In92Vztg22pBgbHXKOWKJkgesGrGa9XAbfg=',1,'sevgo','Севгин','Мустафов','sevgo@svgbg.info',1,1,'2015-05-26 12:43:54','2015-05-28 21:54:27.983613');
INSERT INTO "auth_user" VALUES(2,'pbkdf2_sha256$20000$uKwMWUq6FAmL$pBKfPElqd0aGQNWJmP3dHixdwtZtwuRR8uJvfVOH+sg=',0,'anedelcheva','Анета','Неделчева','ane@hackbg.com',1,1,'2015-05-28 10:39:47','2015-05-28 21:47:09.894813');
INSERT INTO "auth_user" VALUES(3,'pbkdf2_sha256$20000$DVf8hVz3G0B2$SSKZ1NyAASwThocR7PdlSwOpqmdIdf3WTm/mjYQZw9w=',0,'vassi95','Vasilena','','vassi@hack.bg',1,1,'2015-05-28 13:26:43','2015-05-28 21:59:01.209287');
INSERT INTO "auth_user" VALUES(4,'pbkdf2_sha256$20000$P3K0s9twzcME$ElJuaiY6BmsVLjfo1BrtfVOOjw+3ilEYNRb/JojKmX0=',0,'mim','Мария','Тцветкова','mary@hackbg.com',1,1,'2015-05-28 13:27:26','2015-05-29 07:23:33.906821');
INSERT INTO "auth_user" VALUES(5,'pbkdf2_sha256$20000$Mmu4SkLSvHkM$7sIc+2TNe+DJjRS1Sd+sujalukFX+YT44V9cWvk+1w0=',0,'nikola','Никола','Павлов','nikola@hack.bg',1,1,'2015-05-28 13:27:56','2015-05-28 22:02:30.790992');
INSERT INTO "auth_user" VALUES(6,'pbkdf2_sha256$20000$RlsMEXenNPnK$eviblciJnj1xNHTqB1ZQpnCFwBLLCGhlb194MZ5eBvw=',0,'tany','Таня','Станимирова','tany@accbg.com',1,1,'2015-05-28 21:07:04','2015-05-29 07:24:07.987257');
INSERT INTO "auth_user" VALUES(7,'pbkdf2_sha256$20000$zeRIC3toq80T$YoIjJl8PaLkGw2R89pbt/6PdlaXLKcEYAQQe6Tum4ho=',0,'eves','Ева','Станкова','eve@accbg.com',1,1,'2015-05-28 21:07:41','2015-05-28 21:34:53.387700');
INSERT INTO "auth_user" VALUES(8,'pbkdf2_sha256$20000$1eveyIsZX3hl$q0NwiWlHOOWC5E6JP+cpiwAVdGz8TnRvUXvb6DGbWAY=',0,'radorado','Rado','Rado','rrado@hack.bg',1,1,'2015-05-28 21:14:08','2015-05-28 21:55:44.229834');
INSERT INTO "auth_user" VALUES(9,'pbkdf2_sha256$20000$TDKg5InFQVpL$FwxhDS2oxRuBpGvHeRI92w9O7PlJvpFwo52IS0h80jI=',0,'pandaboy','IvO','IvO','pandi@hack.bg',1,1,'2015-05-28 21:15:32','2015-05-28 21:56:34.737486');
INSERT INTO "auth_user" VALUES(10,'pbkdf2_sha256$20000$rFGN051uInTl$OlZOl+UYi2wF6+WX8VuBNM1vySP3SXgOygsQBRFVO0Y=',0,'goroy','Георги','Георгиев','goroy@hackbg.com',1,1,'2015-05-28 21:21:01','2015-05-28 21:39:49.056655');
INSERT INTO "auth_user" VALUES(11,'pbkdf2_sha256$20000$ufXG8WkhvpKu$Uh2/9E6GgeioDlw0wqfdfXoW/OtaWinXsqgGws++9vg=',0,'preslav','Преслав','Тодоров','preslav@hack.bg',1,1,'2015-05-28 21:22:23','2015-05-28 22:01:14.455955');
CREATE TABLE "django_session" ("session_key" varchar(40) NOT NULL PRIMARY KEY, "session_data" text NOT NULL, "expire_date" datetime NOT NULL);
INSERT INTO "django_session" VALUES('qxnekkfidrqsza5clp4pxz5al48mpfwb','NjhjYzZhOGI2M2ZhMWZjMDY1NTAyMTBmNTA1ZGFjMWUxYjFmY2I5Mzp7Il9hdXRoX3VzZXJfYmFja2VuZCI6ImRqYW5nby5jb250cmliLmF1dGguYmFja2VuZHMuTW9kZWxCYWNrZW5kIiwiX2F1dGhfdXNlcl9oYXNoIjoiNGI0YmQxNGMzYWU1NjJjY2ZlZjVhMDkxNDQ2ZDI1NzY0ZDVmNmIwMiIsIl9hdXRoX3VzZXJfaWQiOiIxIn0=','2015-06-11 13:32:57.524723');
INSERT INTO "django_session" VALUES('o45de143ewx3jrqaxnf15ksujiobtq8n','MDQyNTUyMWY3MWRiYTdjNzcxZTYyYTE5MTI0NjliMGI0NTU2YmUyODp7Il9hdXRoX3VzZXJfaGFzaCI6IjRiNGJkMTRjM2FlNTYyY2NmZWY1YTA5MTQ0NmQyNTc2NGQ1ZjZiMDIiLCJfYXV0aF91c2VyX2lkIjoiMSIsIl9hdXRoX3VzZXJfYmFja2VuZCI6ImRqYW5nby5jb250cmliLmF1dGguYmFja2VuZHMuTW9kZWxCYWNrZW5kIn0=','2015-06-11 17:00:07.345247');
INSERT INTO "django_session" VALUES('8zgx8uqyti970mghi5pwglil6xk0wet7','YWM1MjViNzEyZTE0Y2Q3NmVkYjk0OGM5YmZkMTJiMjU4YzBhZTFiYzp7Il9hdXRoX3VzZXJfYmFja2VuZCI6ImRqYW5nby5jb250cmliLmF1dGguYmFja2VuZHMuTW9kZWxCYWNrZW5kIiwiX2F1dGhfdXNlcl9oYXNoIjoiNTE5ZGVjMTM2ZTI3ZjE5YzgyMTFhODMwNzRhNDYzYTc1NjI5YmNhOSIsIl9hdXRoX3VzZXJfaWQiOiI2In0=','2015-06-11 22:07:10.538703');
INSERT INTO "django_session" VALUES('74x0qr3mz24z4qpce324ej21p1jf7ook','NzQwZjViZDUyNTc0NzIyNmRiNmYzZGY1YjU4MDY4MjEzOWFlMTg5MTp7Il9hdXRoX3VzZXJfaGFzaCI6IjUxOWRlYzEzNmUyN2YxOWM4MjExYTgzMDc0YTQ2M2E3NTYyOWJjYTkiLCJfYXV0aF91c2VyX2lkIjoiNiIsIl9hdXRoX3VzZXJfYmFja2VuZCI6ImRqYW5nby5jb250cmliLmF1dGguYmFja2VuZHMuTW9kZWxCYWNrZW5kIn0=','2015-06-12 07:24:08.001751');
CREATE TABLE "inventory_license" ("id" integer NOT NULL PRIMARY KEY AUTOINCREMENT, "number" integer unsigned NOT NULL, "name" varchar(55) NOT NULL, "serial" varchar(25) NOT NULL, "expire" datetime NOT NULL, "comments" text NOT NULL);
INSERT INTO "inventory_license" VALUES(1,250,'EULA','1234-5678-9012-3456','2016-05-26 13:20:40','Microsoft Windows OS Standard 
End User License Agreement');
CREATE TABLE "inventory_software_installed" ("id" integer NOT NULL PRIMARY KEY AUTOINCREMENT, "software_id" integer NOT NULL REFERENCES "inventory_software" ("id"), "computer_id" integer NOT NULL REFERENCES "inventory_computer" ("id"), UNIQUE ("software_id", "computer_id"));
CREATE TABLE "inventory_software" ("id" integer NOT NULL PRIMARY KEY AUTOINCREMENT, "name" varchar(100) NOT NULL, "comment" text NOT NULL, "license_id_id" integer NOT NULL REFERENCES "inventory_license" ("id"), "vendor_id_id" integer NOT NULL REFERENCES "inventory_vendor" ("id"));
CREATE TABLE "inventory_computer" ("id" integer NOT NULL PRIMARY KEY AUTOINCREMENT, "serial" varchar(25) NOT NULL, "date_bought" datetime NOT NULL, "name" varchar(32) NULL, "vendor_id_id" integer NOT NULL REFERENCES "inventory_vendor" ("id"));
INSERT INTO "inventory_computer" VALUES(1,'HP300MTPRO20150500','2015-05-01 13:26:42','WS-01',4);
CREATE TABLE "inventory_role" ("id" integer NOT NULL PRIMARY KEY AUTOINCREMENT, "name" varchar(50) NOT NULL, "comment" text NOT NULL);
CREATE TABLE "inventory_vendor" ("id" integer NOT NULL PRIMARY KEY AUTOINCREMENT, "name" varchar(100) NOT NULL, "email" varchar(254) NOT NULL, "phone" varchar(15) NULL);
INSERT INTO "inventory_vendor" VALUES(4,'Microsoft Inc.','info@outlook.com','1-877-696-7786');
CREATE TABLE "inventory_employee" ("id" integer NOT NULL PRIMARY KEY AUTOINCREMENT, "username" varchar(30) NOT NULL, "password" varchar(100) NOT NULL, "email" varchar(254) NOT NULL, "phone" varchar(10) NULL, "firstname" varchar(20) NULL, "lastname" varchar(20) NULL, "role_id_id" integer NOT NULL REFERENCES "inventory_role" ("id"));
CREATE TABLE "docs_document" ("id" integer NOT NULL PRIMARY KEY AUTOINCREMENT, "name" varchar(255) NOT NULL, "tags" text NULL, "serial" varchar(25) NOT NULL, "uploaded" datetime NOT NULL, "uploader_id" integer NOT NULL REFERENCES "auth_user" ("id"), "file" varchar(100) NOT NULL);
INSERT INTO "docs_document" VALUES(3,'LIC_EULA-KomodoEdit-2015.txt','txt, license, internal, document, eula, microsoft, komodo, editor','SYS-L-INT-2015','2015-05-28 21:20:19.426587',1,'documents/2015/05/LICENSE.txt');
INSERT INTO "docs_document" VALUES(4,'LIC_EULA-KomodoEdit-2015-v2.txt','txt, license, internal, document, eula, microsoft, komodo, editor','SYS-L-INT-2015-EV2','2015-05-28 21:26:33.210029',1,'documents/2015/05/LICENSE-v2.txt');
INSERT INTO "docs_document" VALUES(5,'PyLint_VIM-plugin.vim','plugin, vim, pylint, syntx, check','SYS-PL-VIM-G-20150528','2015-05-28 21:28:35.885753',1,'documents/2015/05/pylint.vim');
INSERT INTO "docs_document" VALUES(6,'Vacation_Template_2013.odt','document, template, internal, vacation, all, company','TMPL-VAC-ALL-2013','2015-05-28 21:30:38.706347',6,'documents/2015/05/TMPL-Vacation-dev-2013.odt');
INSERT INTO "docs_document" VALUES(7,'Vacation_Template_2014.odt','document, template, internal, vacation, all, company','TMPL-VAC-ALL-2015','2015-05-28 21:34:39.339806',6,'documents/2015/05/TMPL-Vacation-dev-2014.odt');
INSERT INTO "docs_document" VALUES(8,'AcCountant_Data-20150520.ods','accountant, data, quarter, second, prices, salaries','ACC-D-Q2-2015','2015-05-28 21:36:24.023213',7,'documents/2015/05/AcCountant_Data-20150520.ods');
INSERT INTO "docs_document" VALUES(9,'AcCountant_Data-20150528.ods','accountant, data, quarter, second, prices, salaries','ACC-D-Q2-2015-V2','2015-05-28 21:37:19.624755',7,'documents/2015/05/AcCountant_Data-20150528.ods');
INSERT INTO "docs_document" VALUES(10,'Invoice-2014_12_29.pdf','invoice, pdf, doc, quarter, fourth, 2014','ACC-INV-Q4-2014','2015-05-28 21:39:23.697770',7,'documents/2015/05/Invoice-2014_12_29.pdf');
INSERT INTO "docs_document" VALUES(11,'BG88CECB97901077342000.csv','invoice, csv, bank, export','ACC-INV-BANK-2000','2015-05-28 21:41:12.109451',10,'documents/2015/05/BG88CECB97901077342000.csv');
INSERT INTO "docs_document" VALUES(12,'01-TMPL-Vacation-dev-2014.odt','vacation, template, developers, new','TMPL-VAC--DEVS-V2','2015-05-28 21:42:22.091668',10,'documents/2015/05/01-TMPL-Vacation-dev-2014.odt');
INSERT INTO "docs_document" VALUES(13,'Report_2014.ods','reports, incoming, accountants, company, money, 2014','ACC-RP-INC-2014','2015-05-28 21:43:57.137028',10,'documents/2015/05/Report_2014.ods');
INSERT INTO "docs_document" VALUES(14,'DB_Model_Software.pdf','db, model','DEV-DB-MODEL-SW','2015-05-28 21:45:11.354689',4,'documents/2015/05/DB-Software-0.83.pdf');
INSERT INTO "docs_document" VALUES(15,'Nakov-Dobrikov-Programming++Algorithms.pdf','book, development, algorthms','DEV-BOOK-PDF-0001','2015-05-28 21:46:47.760746',4,'documents/2015/05/Nakov-Dobrikov-ProgrammingAlgorithms.pdf');
INSERT INTO "docs_document" VALUES(16,'DB_ModelTasks.pdf','db, model, pdf','DEV-DB-MODEL-TICK','2015-05-28 21:48:28.060945',2,'documents/2015/05/DB-Tickets-0.83.pdf');
INSERT INTO "docs_document" VALUES(17,'DB_Model-Users.pdf','db, model, pdf','DEV-DB-MODEL-USR','2015-05-28 21:49:48.594470',2,'documents/2015/05/DB-Users-0.83.pdf');
INSERT INTO "docs_document" VALUES(18,'Test.ods','test, ba, team, load, users, cpu, client, requirements','BS-TST-2015','2015-05-28 21:51:09.209508',5,'documents/2015/05/TestFile-01.ods');
INSERT INTO "docs_document" VALUES(19,'Main_Menu.png','screenshot, menu, main, client, console','SCRSHOT-MENU-CL','2015-05-28 21:52:17.020059',5,'documents/2015/05/main_menu.png');
INSERT INTO "docs_document" VALUES(20,'Make_Reservation.jpg','screenshot, client, console, reservation','SCRSHOT-RSRV-CL','2015-05-28 21:53:15.546141',5,'documents/2015/05/make_reservation.png');
INSERT INTO "docs_document" VALUES(21,'Contract_MS.2009.odt','contract','MGM-CNTR-MS-2009','2015-05-28 21:56:24.631424',8,'documents/2015/05/Contract_MS-Colorado_2009.odt');
INSERT INTO "docs_document" VALUES(22,'Offer.ods','offer, sell','MGMT-OFFR-SELL-2015','2015-05-28 21:57:21.576936',9,'documents/2015/05/Offer_2015_03.ods');
INSERT INTO "docs_document" VALUES(23,'Aut-Test-01.ods','qa','QA-TST-AUT-N1','2015-05-28 21:59:40.860414',3,'documents/2015/05/Aut-TestFile-01.ods');
INSERT INTO "docs_document" VALUES(24,'Aut-Test-03.ods','qa','QA-TST-AUT-N3','2015-05-28 22:00:17.854865',3,'documents/2015/05/Aut-TestFile-03.ods');
INSERT INTO "docs_document" VALUES(25,'UnitTest.ods','qa','QA-TST-UNT-N1','2015-05-28 22:01:03.197897',3,'documents/2015/05/Unit-TestFile-01.ods');
INSERT INTO "docs_document" VALUES(26,'AutTest02.ods','qs, test, automation','QA-TST-AUT-N2','2015-05-28 22:01:58.153584',11,'documents/2015/05/Aut-TestFile-02.ods');
DELETE FROM sqlite_sequence;
INSERT INTO "sqlite_sequence" VALUES('django_migrations',16);
INSERT INTO "sqlite_sequence" VALUES('django_content_type',13);
INSERT INTO "sqlite_sequence" VALUES('auth_permission',39);
INSERT INTO "sqlite_sequence" VALUES('auth_user',11);
INSERT INTO "sqlite_sequence" VALUES('inventory_software',0);
INSERT INTO "sqlite_sequence" VALUES('inventory_computer',1);
INSERT INTO "sqlite_sequence" VALUES('django_admin_log',79);
INSERT INTO "sqlite_sequence" VALUES('inventory_license',1);
INSERT INTO "sqlite_sequence" VALUES('inventory_vendor',4);
INSERT INTO "sqlite_sequence" VALUES('inventory_employee',0);
INSERT INTO "sqlite_sequence" VALUES('auth_group',6);
INSERT INTO "sqlite_sequence" VALUES('auth_group_permissions',34);
INSERT INTO "sqlite_sequence" VALUES('auth_user_groups',23);
INSERT INTO "sqlite_sequence" VALUES('auth_user_user_permissions',25);
INSERT INTO "sqlite_sequence" VALUES('docs_document',26);
CREATE INDEX "auth_group_permissions_0e939a4f" ON "auth_group_permissions" ("group_id");
CREATE INDEX "auth_group_permissions_8373b171" ON "auth_group_permissions" ("permission_id");
CREATE INDEX "auth_user_groups_e8701ad4" ON "auth_user_groups" ("user_id");
CREATE INDEX "auth_user_groups_0e939a4f" ON "auth_user_groups" ("group_id");
CREATE INDEX "auth_user_user_permissions_e8701ad4" ON "auth_user_user_permissions" ("user_id");
CREATE INDEX "auth_user_user_permissions_8373b171" ON "auth_user_user_permissions" ("permission_id");
CREATE INDEX "django_admin_log_417f1b1c" ON "django_admin_log" ("content_type_id");
CREATE INDEX "django_admin_log_e8701ad4" ON "django_admin_log" ("user_id");
CREATE INDEX "auth_permission_417f1b1c" ON "auth_permission" ("content_type_id");
CREATE INDEX "django_session_de54fa62" ON "django_session" ("expire_date");
CREATE INDEX "inventory_software_98a6f7ff" ON "inventory_software" ("license_id_id");
CREATE INDEX "inventory_software_5b740474" ON "inventory_software" ("vendor_id_id");
CREATE INDEX "inventory_computer_5b740474" ON "inventory_computer" ("vendor_id_id");
CREATE INDEX "inventory_employee_37d4f1a8" ON "inventory_employee" ("role_id_id");
CREATE INDEX "docs_document_af76a535" ON "docs_document" ("uploader_id");
COMMIT;
